name,acousticness,danceability,energy,instrumentalness,liveness,loudness,speechiness,tempo,valence
Apocalypse,0.0194,0.369,0.467,0.46,0.109,-9.018,0.0274,94.473,0.174
Space Song,0.233,0.507,0.79,0.139,0.145,-7.307,0.0294,147.065,0.6
Runaway,0.629,0.422,0.302,7.83e-05,0.104,-9.214,0.0372,114.089,0.123
Kids,0.508,0.827,0.66,0.403,0.0756,-9.669,0.0337,113.449,0.904
July,0.868,0.708,0.186,0.0,0.0779,-8.953,0.0422,72.541,0.321
New Home,0.994,0.378,0.014,0.87,0.116,-22.794,0.0515,71.865,0.198
Agape,0.884,0.153,0.162,0.943,0.111,-19.61,0.0429,68.734,0.0584
Lights Are On,0.981,0.44,0.04,0.465,0.111,-16.887,0.0322,135.965,0.249
Je te laisserai des mots,0.989,0.303,0.187,0.489,0.101,-16.757,0.0356,132.731,0.213
The Wisp Sings,0.988,0.521,0.0889,0.182,0.0965,-19.457,0.0507,115.43,0.0479
Always Forever,0.00181,0.174,0.742,0.281,0.198,-5.93,0.0485,163.378,0.36
Georgia,0.606,0.425,0.305,5.63e-06,0.12,-10.38,0.0302,143.535,0.101
Where's My Love - Acoustic,0.892,0.554,0.225,0.0321,0.107,-11.324,0.0281,104.007,0.221
Ontario,0.947,0.409,0.223,0.0123,0.0635,-13.886,0.0296,89.877,0.173
worldstar money (interlude),0.964,0.577,0.387,0.705,0.208,-8.607,0.274,146.565,0.459
Happiness is a butterfly,0.969,0.467,0.119,1.4e-06,0.0973,-10.99,0.0401,70.499,0.156
Mystery of Love,0.94,0.365,0.273,0.431,0.109,-16.526,0.038,132.285,0.238
Euphor,0.968,0.296,0.284,0.189,0.0961,-14.01,0.033,114.786,0.0917
Turning Page,0.964,0.404,0.0182,0.00037,0.108,-20.969,0.0414,109.107,0.114
Where's My Love,0.854,0.608,0.358,0.0186,0.113,-10.018,0.0253,103.94,0.365
Pretending,0.98,0.391,0.228,0.851,0.116,-17.74,0.0427,139.691,0.107
Sometimes (Backwood),0.767,0.41,0.174,0.00197,0.114,-11.405,0.0328,105.292,0.0694
lvr boy,0.949,0.498,0.0283,1.76e-06,0.251,-25.021,0.0427,85.473,0.0653
Roslyn,0.946,0.267,0.0563,0.00567,0.109,-14.171,0.0375,134.347,0.0709
Vas,0.918,0.514,0.424,0.849,0.126,-10.645,0.0282,71.114,0.416
Mind Over Matter (Reprise),0.229,0.393,0.487,0.0,0.128,-6.348,0.0337,151.958,0.3
As the World Caves In,0.369,0.327,0.449,0.00444,0.22,-5.362,0.034,123.969,0.179
Butterfly's Repose,0.974,0.3,0.0177,0.00764,0.106,-27.293,0.0422,120.492,0.0896
Repeat Until Death,0.982,0.233,0.15,0.36,0.154,-11.736,0.0336,143.887,0.0875
Falling for You,0.874,0.227,0.122,0.746,0.0943,-21.002,0.0435,152.307,0.055
"Runaway (From ""Westworld"") - Piano Rendition",0.971,0.455,0.257,0.858,0.0739,-14.016,0.039,80.004,0.103
i was all over her,0.788,0.529,0.353,0.853,0.116,-12.835,0.0292,104.557,0.0601
Tired,0.483,0.63,0.418,0.15,0.111,-7.111,0.0254,140.037,0.345
i met sarah in the bathroom,0.901,0.675,0.408,0.000714,0.16,-10.861,0.142,90.111,0.229
Bubble Gum,0.979,0.509,0.0167,2.72e-05,0.387,-24.639,0.115,207.97,0.229
Fear,0.701,0.716,0.447,0.429,0.0855,-8.314,0.0388,93.955,0.506
Sparks,0.748,0.371,0.268,0.0517,0.104,-10.506,0.0281,102.617,0.165
Yellow,0.00239,0.429,0.661,0.000121,0.234,-7.227,0.0281,173.372,0.285
The Scientist,0.731,0.557,0.442,1.46e-05,0.11,-7.224,0.0243,146.277,0.213
The Night We Met,0.969,0.544,0.369,0.279,0.639,-9.514,0.038,87.01,0.102
Medicine,0.135,0.215,0.316,0.244,0.595,-12.201,0.0297,94.619,0.19
Feeling Whitney,0.787,0.412,0.227,4.69e-06,0.282,-12.696,0.0359,80.111,0.226
Forever,0.92,0.563,0.459,0.724,0.11,-7.781,0.0292,79.983,0.197
Fortitude,0.926,0.247,0.176,0.0318,0.107,-11.623,0.0379,161.228,0.207
A Soulmate Who Wasn’t Meant to Be,0.948,0.571,0.0274,6.43e-06,0.322,-20.274,0.0649,124.209,0.087
Hearing,0.818,0.207,0.292,0.942,0.0934,-11.641,0.0328,141.869,0.11
Touch,0.955,0.415,0.104,3.79e-06,0.104,-11.83,0.0426,82.006,0.18
It's Not The Same Anymore,0.873,0.666,0.317,3.74e-05,0.111,-10.644,0.0327,117.676,0.359
"From Me, the Moon",0.995,0.556,0.0179,0.16,0.0684,-28.603,0.0383,99.411,0.152
State Lines,0.959,0.509,0.31,0.229,0.0963,-10.623,0.0313,137.474,0.151
I Can't Handle Change,0.0447,0.247,0.438,0.000867,0.111,-8.478,0.0358,185.711,0.39
Coffee Cups and Cigarettes,0.995,0.459,0.063,0.803,0.108,-14.446,0.0366,131.704,0.15
Sleep Thru Ur Alarms,0.302,0.612,0.344,0.296,0.115,-14.066,0.0269,97.479,0.0691
Everything Works Out in the End,0.763,0.551,0.346,9.03e-06,0.11,-11.287,0.0278,83.045,0.29
Anchor,0.805,0.457,0.407,0.884,0.126,-11.475,0.0308,117.053,0.126
things that i miss,0.938,0.529,0.176,0.0,0.318,-12.587,0.0556,78.242,0.239
Atlantis,0.0529,0.4,0.479,2.14e-06,0.115,-7.989,0.0308,166.159,0.213
letting you in,0.932,0.532,0.129,0.0,0.321,-13.458,0.0735,99.549,0.268
You Wrote 'Don't Forget' On Your Arm,0.917,0.61,0.2,7.06e-05,0.508,-17.461,0.054,122.874,0.0606
Forever & Always,0.989,0.496,0.102,0.924,0.111,-23.562,0.0455,154.871,0.357
i want you to help me live,0.889,0.551,0.226,0.242,0.0764,-13.01,0.0524,149.854,0.333
My Kind of Woman,0.727,0.447,0.17,1.58e-05,0.0845,-17.194,0.0565,195.679,0.212
In My Head,0.168,0.577,0.611,0.92,0.106,-13.535,0.0323,150.91,0.177
I Exist I Exist I Exist,0.35,0.445,0.157,0.761,0.153,-18.2,0.0385,118.511,0.121
Changes,0.939,0.648,0.115,3.88e-05,0.11,-17.133,0.0445,119.967,0.29
Home,0.852,0.5,0.234,0.000137,0.096,-14.915,0.0294,139.797,0.166
Rosyln,0.971,0.329,0.277,0.024,0.0971,-13.111,0.0302,159.719,0.121
Fourth of July,0.973,0.435,0.104,0.33,0.119,-22.39,0.0445,120.484,0.162
i'd rather be alone,0.792,0.395,0.204,0.151,0.128,-13.485,0.0283,81.888,0.121
Oh Love,0.962,0.549,0.0597,0.0789,0.0676,-20.149,0.074,72.712,0.304
Pluto Projector,0.707,0.379,0.219,0.000691,0.118,-11.196,0.0307,79.786,0.188
midnight love,0.717,0.284,0.538,0.105,0.111,-9.894,0.0886,179.708,0.259
listen before i go,0.935,0.319,0.0561,0.00384,0.388,-23.023,0.045,79.764,0.082
Where’s My Love - Alternate Version,0.904,0.382,0.219,0.0196,0.108,-11.805,0.0318,103.768,0.161
Why Can't I Have You,0.662,0.827,0.195,0.141,0.0987,-17.651,0.0638,137.966,0.229
Never,0.983,0.437,0.197,0.973,0.105,-20.318,0.0824,81.441,0.239
Talk 2 Me,0.816,0.464,0.126,3.67e-06,0.559,-16.383,0.0647,103.176,0.181
Cinnamon,0.589,0.46,0.473,0.000149,0.111,-11.422,0.0479,139.956,0.235
How To Never Stop Being Sad,0.952,0.414,0.245,0.761,0.104,-17.929,0.0429,97.236,0.132
Beach Baby,0.983,0.669,0.0809,0.41,0.114,-17.282,0.0365,114.355,0.0922
Coffee Stained Smile,0.887,0.431,0.0586,1.79e-05,0.0947,-18.132,0.0445,111.072,0.145
cardigan,0.537,0.613,0.581,0.000345,0.25,-8.588,0.0424,130.033,0.551
Somewhere Only We Know,0.989,0.698,0.019,0.0,0.0807,-21.036,0.0422,94.193,0.586
Vanilla (Stairwell Version),0.881,0.396,0.276,0.0,0.155,-9.238,0.0749,80.573,0.394
Ribs,0.534,0.511,0.472,0.614,0.11,-9.277,0.091,127.978,0.0399
Funeral,0.947,0.218,0.263,0.00028,0.0919,-14.416,0.0376,170.724,0.307
Camden,0.946,0.652,0.261,7.42e-06,0.156,-12.569,0.0404,126.15,0.419
Let It All Go,0.817,0.383,0.43,1.04e-06,0.0869,-8.644,0.0302,107.005,0.174
Moon Song,0.869,0.339,0.243,0.00369,0.107,-12.512,0.056,154.909,0.183
chance with you,0.864,0.562,0.494,0.0259,0.153,-8.13,0.0278,144.104,0.383
Only,0.903,0.293,0.175,0.528,0.109,-15.543,0.0308,83.182,0.089
Feels Like We Only Go Backwards,0.923,0.535,0.139,0.0,0.215,-15.321,0.0369,147.507,0.377
Unrequited Love (& other clichés),0.291,0.385,0.468,0.0293,0.0892,-9.588,0.0251,81.331,0.248
Destroy Myself Just For You,0.904,0.512,0.186,0.0281,0.11,-16.028,0.0373,59.677,0.191
drift/(:(,0.985,0.54,0.00655,0.0528,0.322,-29.075,0.0656,81.676,0.145
Iris,0.609,0.491,0.201,0.0,0.124,-15.469,0.0372,95.666,0.388
Vienna,0.659,0.532,0.495,0.0,0.0754,-6.662,0.0343,124.936,0.308
Photograph (Instrumental Piano),0.993,0.579,0.0965,0.954,0.0977,-19.808,0.054,180.038,0.105
Sweet Disposition,0.979,0.497,0.0538,0.891,0.111,-24.331,0.0378,119.889,0.383
Like Real People Do,0.914,0.569,0.183,0.404,0.106,-14.371,0.0298,70.06,0.13
Haven (from Life Is Strange),0.797,0.556,0.261,0.016,0.0893,-11.668,0.0289,110.841,0.219
Scott Street,0.77,0.508,0.417,0.0928,0.0887,-9.632,0.0296,134.944,0.483
Big Jet Plane,0.237,0.763,0.383,0.00641,0.124,-8.644,0.0276,109.932,0.251
rises the moon,0.947,0.483,0.129,0.145,0.106,-20.149,0.0349,137.35,0.203
Evergreen,0.557,0.555,0.216,0.00416,0.109,-11.661,0.0721,79.109,0.504
Here With Me,0.534,0.574,0.469,9.21e-05,0.128,-8.209,0.0254,132.023,0.288
Back to the Old House - 2011 Remaster,0.0102,0.626,0.488,0.000188,0.141,-7.805,0.0253,104.13,0.404
IDK You Yet,0.886,0.648,0.308,0.0774,0.124,-11.729,0.04,76.997,0.198
That Funny Feeling,0.718,0.515,0.298,9.17e-06,0.365,-11.499,0.0311,116.761,0.462
we fell in love in october,0.113,0.566,0.366,0.181,0.155,-12.808,0.028,129.96,0.237
Fine Line,0.172,0.306,0.347,0.00013,0.0485,-8.5,0.0334,120.996,0.0511
Little Freak,0.719,0.559,0.535,0.000143,0.0954,-7.723,0.039,141.96,0.402
Matilda,0.896,0.507,0.294,1.97e-05,0.0966,-10.0,0.04,114.199,0.386
I Love You So,0.583,0.575,0.648,0.0,0.115,-4.891,0.0358,75.977,0.466
This Side of Paradise,0.432,0.306,0.664,7.5e-06,0.135,-6.07,0.0276,158.283,0.321
Ivy,0.785,0.575,0.386,0.000289,0.229,-9.584,0.037,116.408,0.466
Memories - Sped Up,0.192,0.419,0.607,0.0,0.156,-10.784,0.0603,129.423,0.531
Halley's Comet,0.961,0.403,0.159,0.0121,0.34,-16.728,0.104,72.38,0.0381
In My Room,0.521,0.408,0.338,0.000639,0.0732,-13.626,0.0431,133.943,0.1
Strange,0.934,0.286,0.0847,6.94e-06,0.121,-9.883,0.0397,70.743,0.112
From the Dining Table,0.804,0.671,0.156,0.0518,0.113,-16.288,0.0371,94.08,0.201
caroline,0.869,0.491,0.176,0.00375,0.101,-17.212,0.0369,120.06,0.122
The Gold - Phoebe Bridgers Version,0.816,0.299,0.399,0.00117,0.147,-12.176,0.0376,158.253,0.302
Wash.,0.99,0.31,0.149,0.34,0.0776,-19.265,0.0304,162.802,0.322
White Ferrari,0.77,0.501,0.0958,0.0,0.298,-15.605,0.0433,108.741,0.204
j's lullaby (darlin' i'd wait for you),0.465,0.434,0.104,0.000866,0.0763,-20.075,0.0384,114.532,0.174
Fall in Love with You.,0.92,0.538,0.0203,0.019,0.104,-23.163,0.0437,121.447,0.103
Even If It's a Lie - Demo,0.948,0.481,0.293,7.11e-05,0.11,-5.999,0.0294,82.965,0.134
Call U Tomorrow,0.913,0.379,0.291,0.0159,0.0961,-12.529,0.0334,107.97,0.167
Static,0.434,0.335,0.305,0.631,0.101,-12.661,0.0741,79.001,0.215
Cool About It,0.902,0.565,0.203,0.0,0.115,-13.656,0.0332,93.213,0.408
Sad Anymore,0.969,0.489,0.233,0.304,0.105,-16.669,0.0321,141.864,0.363
Another Love,0.695,0.445,0.537,1.65e-05,0.0944,-8.532,0.04,122.769,0.131
Black Friday,0.931,0.48,0.199,0.0563,0.0978,-12.398,0.0329,165.476,0.201
Fix You,0.164,0.209,0.417,0.00196,0.113,-8.74,0.0338,138.178,0.124
Sunsetz,0.0527,0.405,0.479,0.795,0.0974,-9.396,0.0301,75.37,0.131
So My Darling - Acoustic,0.907,0.568,0.238,8.21e-06,0.135,-11.111,0.0457,137.958,0.563
Let The River In,0.83,0.698,0.327,0.000476,0.112,-12.487,0.0369,95.103,0.475
Astronomy,0.578,0.474,0.343,2.65e-05,0.305,-8.571,0.027,145.115,0.152
Good Looking,0.077,0.364,0.554,0.000297,0.125,-9.076,0.0301,150.079,0.257
K.,0.139,0.454,0.4,0.846,0.137,-10.261,0.0265,93.719,0.327
Juliet,0.00346,0.546,0.586,0.00114,0.0562,-8.488,0.0313,131.778,0.364
Sweet,0.353,0.45,0.511,0.766,0.139,-9.073,0.0276,96.563,0.115
Miserable Man,0.926,0.631,0.348,8.87e-05,0.295,-10.285,0.0343,110.019,0.32
Cry,0.756,0.406,0.399,0.678,0.112,-10.449,0.0278,142.83,0.163
TV,0.83,0.412,0.236,0.00653,0.147,-15.159,0.0379,140.214,0.119
Fool,0.301,0.511,0.435,8.2e-05,0.255,-10.254,0.0408,120.207,0.343
Gilded Lily,0.468,0.4,0.571,3.05e-05,0.519,-6.534,0.0288,61.859,0.146
Cinnamon Girl,0.814,0.294,0.337,0.414,0.14,-10.614,0.036,91.781,0.135
Mr. Loverman,0.245,0.639,0.526,2.43e-05,0.25,-6.697,0.0256,130.033,0.488
Mr. Forgettable,0.554,0.564,0.412,0.0,0.151,-9.23,0.0274,144.689,0.29
Heavenly,0.669,0.535,0.437,0.688,0.11,-9.187,0.0248,105.22,0.127
Pretty Boy,0.208,0.578,0.386,0.0453,0.307,-11.464,0.0278,154.902,0.569
First Love/Late Spring,0.000825,0.445,0.543,0.0137,0.202,-8.196,0.0272,99.963,0.102
Bored,0.896,0.614,0.318,0.00239,0.0795,-12.695,0.0478,119.959,0.112
Romantic Homicide,0.453,0.571,0.544,0.00805,0.322,-10.613,0.0299,132.052,0.216
ceilings,0.473,0.516,0.322,0.00194,0.215,-11.762,0.0292,148.005,0.261
i love you,0.952,0.421,0.131,0.00453,0.109,-18.435,0.0382,137.446,0.12
Motion Sickness,0.774,0.651,0.546,0.0437,0.0842,-9.021,0.0357,107.021,0.623
Silver Soul,0.439,0.354,0.675,8.55e-05,0.28,-5.835,0.0324,135.034,0.108
Falling In Love,0.729,0.472,0.27,0.0158,0.125,-11.649,0.027,140.673,0.373
Getting Older,0.974,0.599,0.128,0.121,0.115,-17.261,0.109,159.679,0.367
I Know The End,0.33,0.323,0.323,0.0229,0.233,-10.268,0.0351,111.826,0.256
ur so pretty,0.932,0.322,0.231,0.00076,0.149,-12.919,0.0347,91.186,0.228
Waiting Room,0.339,0.531,0.289,0.000376,0.134,-10.065,0.0286,129.747,0.119
Possibility,0.77,0.378,0.311,0.00183,0.0809,-10.012,0.0285,56.993,0.0767
The 30th,0.929,0.387,0.135,0.0,0.0948,-14.398,0.051,82.987,0.21
Nothing,0.931,0.555,0.27,0.544,0.103,-15.892,0.0888,139.681,0.271
Big Black Car,0.909,0.6,0.186,0.00102,0.104,-15.926,0.0317,110.044,0.468
this is me trying,0.314,0.515,0.476,4.74e-05,0.171,-9.843,0.0328,135.886,0.412
"I miss you, I’m sorry",0.731,0.445,0.455,1.47e-06,0.124,-6.405,0.0575,109.885,0.151
Heal,0.952,0.445,0.179,0.00056,0.107,-12.938,0.0396,72.246,0.119
right where you left me - bonus track,0.769,0.581,0.619,0.000106,0.117,-6.524,0.0282,137.915,0.645
Memories,0.00979,0.34,0.684,0.0,0.348,-6.306,0.044,112.969,0.556
Chemtrails Over The Country Club,0.877,0.334,0.276,0.000249,0.113,-13.125,0.0643,201.025,0.429
mirrorball,0.687,0.553,0.413,2.33e-06,0.0594,-10.037,0.0334,110.107,0.379
Those Eyes,0.698,0.593,0.354,3.55e-05,0.293,-8.27,0.0279,120.01,0.241
This Is Home,0.56,0.811,0.266,1.05e-06,0.0962,-12.478,0.0406,130.044,0.211
Bags,0.172,0.742,0.546,0.38,0.115,-7.694,0.0315,104.996,0.868
could you love me while i hate myself,0.782,0.68,0.406,0.00019,0.11,-11.313,0.0414,119.901,0.551
Visions of Gideon,0.942,0.252,0.314,0.676,0.0892,-18.197,0.0407,75.056,0.2
Male Fantasy,0.863,0.687,0.288,0.0,0.0986,-10.415,0.045,110.927,0.308
favorite crime,0.866,0.369,0.272,0.0,0.147,-10.497,0.0364,172.929,0.218
Watching Him Fade Away,0.981,0.74,0.072,0.00698,0.111,-17.984,0.0713,139.081,0.297
You Are Enough,0.707,0.593,0.5,1.24e-05,0.0837,-8.532,0.029,117.996,0.465
Evergreen (You Didn’t Deserve Me At All),0.598,0.697,0.336,0.00528,0.107,-10.395,0.0424,82.029,0.31
How to disappear,0.613,0.538,0.304,0.000631,0.164,-11.79,0.0352,78.997,0.065
All I Want,0.174,0.188,0.411,0.153,0.0843,-9.733,0.0484,187.376,0.159
champagne problems,0.92,0.462,0.24,0.0,0.113,-12.077,0.0377,171.319,0.32
Look After You,0.0575,0.447,0.592,4.47e-06,0.13,-3.015,0.0319,78.039,0.283
We'll Never Have Sex,0.955,0.427,0.0962,0.0109,0.115,-16.374,0.0646,86.901,0.284
Nothing New (feat. Phoebe Bridgers) (Taylor’s Version) (From The Vault),0.817,0.606,0.377,0.0,0.154,-9.455,0.0275,101.96,0.446
John Wayne,0.343,0.441,0.465,0.884,0.0982,-8.389,0.0291,123.933,0.173
Somethin' Stupid,0.736,0.257,0.338,0.0,0.252,-12.902,0.0357,207.356,0.544
someday i'll get it,0.93,0.438,0.051,0.916,0.113,-22.44,0.0373,102.711,0.102
.,0.0838,0.451,0.907,0.832,0.137,-7.362,0.291,151.988,0.317
Coffee Breath,0.974,0.866,0.205,0.0,0.0986,-13.194,0.0394,101.315,0.183
Clay Pigeons,0.97,0.292,0.241,0.00989,0.105,-17.001,0.0428,172.175,0.441
House Song,0.886,0.293,0.131,0.14,0.105,-18.658,0.039,78.885,0.123
Right Side of My Neck,0.00116,0.716,0.515,0.000249,0.326,-9.073,0.0261,117.039,0.315
Brooklyn Baby,0.542,0.404,0.664,0.00402,0.11,-6.698,0.0407,107.747,0.0949
Sign of the Times,0.0275,0.516,0.595,0.0,0.109,-4.63,0.0313,119.972,0.222
Voilà,0.694,0.293,0.381,8.85e-06,0.987,-10.301,0.054,135.756,0.183
Unlearn (with Gracie Abrams),0.897,0.429,0.214,0.0,0.105,-12.261,0.242,77.849,0.189
"What Was I Made For? [From The Motion Picture ""Barbie""]",0.959,0.444,0.0911,1.05e-06,0.098,-17.665,0.0307,78.403,0.142
the way things go,0.848,0.528,0.513,0.0127,0.326,-8.266,0.0306,131.952,0.463
Bloom - Bonus Track,0.882,0.591,0.416,0.000641,0.112,-9.794,0.0246,96.003,0.415
Glue Song,0.77,0.62,0.409,0.0542,0.105,-10.146,0.0282,113.946,0.582
Graceland Too,0.872,0.44,0.34,0.0,0.116,-10.37,0.0293,150.128,0.361
Circles,0.896,0.61,0.0316,0.00461,0.108,-15.186,0.0486,151.964,0.37
Alien Blues,0.0807,0.467,0.757,0.908,0.0876,-5.093,0.033,82.282,0.433
It's Called: Freefall,0.632,0.744,0.516,0.0,0.605,-6.365,0.0513,97.944,0.281
Need 2,0.00994,0.552,0.634,0.202,0.0798,-8.302,0.0261,76.557,0.213
Shut up My Moms Calling,0.325,0.485,0.409,0.0,0.103,-10.711,0.101,138.419,0.376
Jealous,0.00491,0.474,0.921,0.85,0.476,-10.431,0.0457,93.01,0.696
Stargirl Interlude,0.353,0.715,0.47,0.0923,0.104,-12.638,0.0772,89.965,0.426
Nothing's New,0.863,0.421,0.394,4.74e-06,0.0984,-8.312,0.0277,96.192,0.399
My Love Mine All Mine,0.868,0.504,0.308,0.135,0.158,-14.958,0.0321,113.95,0.121
welcome and goodbye,0.0194,0.584,0.717,0.756,0.0739,-5.175,0.0266,140.031,0.659
Revenge,0.782,0.746,0.251,0.00203,0.106,-16.169,0.259,139.999,0.18
Freaks,3.84e-05,0.345,0.941,0.633,0.0511,-9.918,0.0466,179.626,0.407
"Sex, Drugs, Etc.",0.0136,0.57,0.842,0.00876,0.524,-5.085,0.0381,143.975,0.47
Sarah,0.513,0.65,0.686,0.000189,0.138,-5.198,0.0314,124.019,0.497
Hidden In the Sand,0.514,0.547,0.287,0.774,0.119,-12.28,0.149,120.792,0.177
Duvet,0.191,0.583,0.888,4.58e-05,0.0936,-9.414,0.0349,93.206,0.706
Chamber Of Reflection,0.262,0.538,0.557,0.914,0.102,-8.678,0.0914,131.03,0.506
WASTE,0.859,0.627,0.123,0.00105,0.149,-14.411,0.0316,131.883,0.11
Become the Warm Jets,0.772,0.44,0.227,0.00144,0.0951,-15.486,0.0459,132.354,0.0844
YKWIM?,0.937,0.372,0.537,0.873,0.287,-7.623,0.0305,123.735,0.228
Mary,0.0497,0.693,0.467,0.452,0.107,-9.558,0.043,105.955,0.402
Young,0.00392,0.498,0.81,0.00717,0.0635,-4.065,0.0263,79.935,0.594
Mrs Magic,0.159,0.471,0.634,0.365,0.374,-7.406,0.031,132.542,0.366
Inside Out,0.84,0.553,0.465,0.97,0.102,-9.664,0.0301,79.223,0.652
Advice,0.000183,0.356,0.611,0.867,0.127,-5.71,0.0289,170.069,0.272
Cigarette Daydreams,0.0807,0.636,0.676,0.0,0.0831,-3.442,0.0263,113.98,0.273
4am,0.663,0.418,0.392,0.335,0.204,-13.771,0.0383,168.902,0.295
Show Me How,0.672,0.791,0.271,0.543,0.102,-11.959,0.0431,166.002,0.564
Riff 2,0.966,0.619,0.325,0.936,0.108,-16.335,0.0371,149.794,0.591
Still in Love with Me,0.616,0.661,0.444,0.000418,0.163,-9.236,0.0654,149.977,0.278
Pink + White,0.667,0.545,0.545,5.48e-05,0.417,-7.362,0.107,159.94,0.549
Love Galore (feat. Travis Scott),0.112,0.795,0.594,0.0,0.162,-6.2,0.0748,135.002,0.409
Garden (Say It Like Dat),0.0705,0.73,0.457,0.0,0.124,-7.26,0.283,111.352,0.549
Broken Clocks,0.131,0.692,0.684,0.0,0.156,-7.364,0.155,112.912,0.406
Best Part (feat. H.E.R.),0.793,0.473,0.371,0.0,0.109,-10.219,0.0405,75.205,0.413
Girls Need Love (with Drake) - Remix,0.443,0.656,0.432,0.0,0.132,-9.481,0.217,97.022,0.0897
Focus,0.25,0.414,0.314,1.47e-05,0.117,-12.943,0.0548,84.993,0.09
Comfortable,0.629,0.429,0.4,3.25e-05,0.087,-11.679,0.0882,72.487,0.357
Get You (feat. Kali Uchis),0.422,0.658,0.294,5.2e-05,0.0749,-8.533,0.0321,74.038,0.358
Every Kind Of Way,0.634,0.45,0.3,3.1e-06,0.142,-9.53,0.0477,96.394,0.207
While We're Young,0.104,0.649,0.791,1.97e-06,0.108,-6.013,0.193,128.023,0.811
Losing,0.339,0.422,0.349,0.00024,0.108,-12.424,0.315,57.0,0.134
Clouded,0.774,0.583,0.344,0.0,0.143,-8.765,0.0559,65.203,0.581
"Velvet (Remix) [feat. Lucky Daye] [from Insecure: Music From The HBO Original Series, Season 4]",0.785,0.532,0.381,0.00749,0.268,-6.99,0.0521,147.406,0.284
Down to Earth,0.236,0.609,0.335,0.0,0.0595,-9.378,0.0372,85.077,0.342
Playing Games (with Bryson Tiller) - Extended Version,0.603,0.726,0.408,0.0,0.225,-6.606,0.0614,115.918,0.459
Good Days,0.499,0.436,0.655,8.1e-06,0.688,-8.37,0.0583,121.002,0.412
Dead Man Walking,0.279,0.505,0.267,0.0,0.096,-13.763,0.05,143.929,0.439
Trust,0.231,0.764,0.394,9.37e-05,0.117,-8.559,0.152,92.009,0.465
Quicksand,0.0781,0.803,0.69,0.0,0.117,-5.89,0.269,103.985,0.444
Frozen,0.741,0.486,0.419,6.59e-05,0.096,-6.415,0.0563,119.065,0.227
Stuck On You,0.161,0.599,0.449,2.66e-05,0.107,-7.423,0.0529,158.0,0.143
Supermodel,0.651,0.613,0.442,0.0,0.26,-8.874,0.288,119.737,0.252
Belong to You (feat. 6LACK),0.274,0.605,0.553,0.0152,0.184,-10.845,0.101,152.076,0.62
I'll Kill You (feat. Jhené Aiko),0.427,0.679,0.443,0.0,0.106,-8.528,0.153,104.049,0.363
Smile (feat. H.E.R.),0.024,0.674,0.734,0.0,0.101,-4.941,0.0883,90.01,0.766
Slow Down,0.046,0.662,0.764,0.0,0.0947,-5.224,0.111,99.971,0.74
Subside,0.477,0.736,0.461,0.00487,0.149,-6.412,0.358,81.979,0.486
Cranes in the Sky,0.408,0.719,0.615,0.000147,0.235,-5.972,0.045,96.988,0.465
Crush,0.366,0.678,0.414,3.78e-06,0.0885,-10.144,0.0498,130.031,0.355
Session 32,0.894,0.574,0.123,0.00111,0.118,-13.959,0.196,115.431,0.117
Temptation,0.454,0.734,0.541,0.000851,0.132,-8.86,0.131,140.044,0.501
Love Affair,0.129,0.613,0.488,2.13e-05,0.335,-7.37,0.0964,172.076,0.183
Butterfly,0.255,0.785,0.27,0.00132,0.0953,-14.457,0.0892,131.894,0.12
Confidently Lost,0.272,0.666,0.39,9.39e-06,0.111,-8.575,0.0838,113.866,0.325
Velvet Light,0.75,0.67,0.419,0.135,0.0976,-10.523,0.0751,77.919,0.513
Hold Me Down,0.628,0.463,0.427,0.000565,0.0911,-9.799,0.0549,116.059,0.231
I Want You Around,0.388,0.705,0.433,0.134,0.0841,-9.706,0.204,168.006,0.602
Easily,0.491,0.772,0.256,0.00612,0.144,-8.545,0.0481,118.902,0.357
No Love (with SZA),0.17,0.707,0.618,0.0,0.293,-5.825,0.19,133.876,0.517
Found (feat. Brent Faiyaz),0.625,0.821,0.412,1.64e-05,0.0985,-7.795,0.0341,109.977,0.333
Remember Me,0.456,0.84,0.344,3.36e-05,0.35,-8.613,0.0374,111.994,0.526
Fool For You,0.832,0.593,0.287,0.000128,0.104,-11.496,0.0631,149.761,0.238
SAY SO (feat. JoJo),0.34,0.48,0.342,0.0,0.113,-10.393,0.0584,74.974,0.172
Insane,0.632,0.39,0.607,0.000162,0.138,-8.056,0.303,161.625,0.347
Close 2 U,0.71,0.758,0.337,1.94e-05,0.165,-9.776,0.0494,93.01,0.368
Hold On,0.849,0.7,0.414,0.0606,0.107,-10.864,0.0373,60.479,0.444
Garden Kisses,0.915,0.478,0.373,6.36e-06,0.128,-9.505,0.0317,120.129,0.354
Rain,0.337,0.643,0.486,3.86e-06,0.702,-10.443,0.0278,138.151,0.146
Hrs and Hrs,0.604,0.511,0.525,0.0,0.111,-4.595,0.183,139.885,0.661
Alone With You,0.767,0.567,0.348,0.0145,0.114,-12.658,0.0667,124.692,0.305
When I'm in Your Arms,0.476,0.596,0.462,0.0581,0.112,-10.605,0.0589,173.866,0.655
Why Don't You,0.136,0.43,0.592,0.0905,0.112,-7.55,0.15,54.585,0.599
Distance,0.68,0.601,0.511,0.252,0.0732,-7.297,0.038,139.955,0.469
Icarus,0.296,0.553,0.653,0.007,0.0596,-4.668,0.0392,166.355,0.538
Down,0.139,0.694,0.606,0.0,0.122,-6.06,0.0388,132.052,0.114
The Need to Know (feat. SZA),0.487,0.537,0.411,9.21e-06,0.3,-14.059,0.502,94.292,0.207
Desert Flower,0.985,0.44,0.1,0.000968,0.241,-9.453,0.0369,119.301,0.203
Oxford Circus,0.583,0.418,0.37,0.00726,0.132,-10.416,0.104,179.66,0.243
Breakfast - A COLORS SHOW,0.655,0.723,0.511,0.124,0.128,-7.26,0.0555,90.951,0.201
Open Arms (feat. Travis Scott),0.763,0.665,0.59,0.0132,0.147,-7.608,0.161,77.559,0.216
Closer,0.499,0.45,0.358,0.000269,0.254,-12.836,0.0686,85.269,0.213
BUILT FOR LOVE (feat. Jazmine Sullivan),0.586,0.657,0.455,1.87e-05,0.18,-10.586,0.0667,129.943,0.488
Love&Adoration,0.721,0.542,0.331,0.0,0.109,-10.307,0.0792,78.063,0.717
Fall In Love Alone,0.316,0.676,0.625,0.000119,0.127,-5.455,0.0711,171.883,0.522
Intimate Feeling,0.753,0.454,0.391,0.0,0.105,-5.857,0.0485,84.79,0.135
dirty dancer,0.376,0.702,0.525,0.0667,0.119,-5.028,0.0313,113.856,0.515
Good & Plenty,0.788,0.658,0.619,0.0667,0.0951,-7.316,0.0772,136.077,0.354
Summer Rain (feat. Jazmine Sullivan),0.385,0.516,0.488,2.32e-05,0.177,-7.452,0.0313,79.985,0.614
FWB,0.48,0.716,0.437,0.0,0.398,-7.128,0.426,146.042,0.519
Girl (feat. KAYTRANADA),0.536,0.568,0.42,0.124,0.101,-11.169,0.276,79.89,0.453
Go with It (feat. VIC MENSA),0.281,0.664,0.646,0.000111,0.16,-8.936,0.0802,94.97,0.598
Over (feat. 6LACK),0.247,0.784,0.511,0.00047,0.126,-5.122,0.0534,145.003,0.592
Kiss U Right Now,0.41,0.855,0.331,0.00131,0.152,-8.652,0.07,98.03,0.652
April 25th,0.554,0.654,0.397,7.8e-05,0.119,-10.453,0.169,109.836,0.253
COMING THRU,0.523,0.538,0.646,1.69e-05,0.113,-4.995,0.323,160.222,0.452
More Than Love,0.78,0.665,0.437,3.37e-05,0.66,-8.269,0.0329,98.036,0.42
N Side,0.0714,0.838,0.535,0.000302,0.208,-6.303,0.0432,119.946,0.894
Infrunami,0.31,0.826,0.299,0.0952,0.0758,-7.721,0.0446,97.012,0.215
Vibin' Out,0.847,0.41,0.169,0.00327,0.117,-11.422,0.0485,89.494,0.208
Want U Around (feat. Ruel),0.3,0.571,0.443,6.95e-06,0.101,-6.76,0.0451,143.923,0.621
CYANIDE,0.704,0.589,0.652,0.00055,0.125,-7.498,0.373,158.49,0.486
Blue Mesas,0.76,0.44,0.195,0.0135,0.126,-14.448,0.0369,143.726,0.299
Chocolate Hills,0.594,0.675,0.28,0.00916,0.109,-11.854,0.0632,129.942,0.218
Snooze,0.141,0.559,0.551,0.0,0.11,-7.231,0.132,143.008,0.392
Broke,0.433,0.751,0.684,5.92e-06,0.18,-4.325,0.303,89.984,0.864
Sweet Distraction,0.679,0.814,0.33,0.000197,0.106,-7.535,0.342,85.057,0.685
Japanese Denim,0.0905,0.707,0.238,2.42e-06,0.0842,-8.818,0.0379,124.156,0.345
That's Why I Love You (feat. Sabrina Claudio),0.333,0.64,0.496,0.0,0.13,-6.077,0.284,119.849,0.547
Me and Your Mama,0.0104,0.545,0.442,0.0271,0.0664,-12.111,0.0352,118.073,0.242
Beauty & Essex (feat. Daniel Caesar & Unknown Mortal Orchestra),0.284,0.552,0.741,8.2e-05,0.334,-5.419,0.0542,69.709,0.718
raw,0.334,0.817,0.4,3.37e-05,0.0934,-6.516,0.165,81.058,0.438
"After The Storm (feat. Tyler, The Creator & Bootsy Collins)",0.301,0.702,0.659,0.00201,0.218,-6.766,0.13,79.64,0.843
Higher,0.753,0.734,0.291,0.0,0.151,-10.061,0.171,78.074,0.635
We Might Even Be Falling In Love (Interlude),0.415,0.768,0.506,0.0376,0.133,-8.913,0.165,77.1,0.862
Baby,0.754,0.548,0.461,0.0522,0.11,-10.17,0.0397,84.723,0.64
11:30 Interlude,0.829,0.671,0.452,0.000486,0.106,-9.506,0.186,125.968,0.555
These Four Walls,0.513,0.602,0.344,0.0,0.133,-7.89,0.149,137.702,0.315
melt,0.402,0.354,0.825,0.0,0.104,-5.592,0.228,154.562,0.349
LOVE AGAIN,0.41,0.553,0.441,2.57e-06,0.107,-6.411,0.0918,76.988,0.525
Sandstorm (feat. JID),0.59,0.637,0.512,0.000464,0.0712,-10.027,0.0978,109.492,0.33
Brass Necklace,0.864,0.271,0.247,0.744,0.143,-14.76,0.0343,144.266,0.104
You're the One,0.649,0.741,0.39,0.0,0.109,-11.299,0.0561,114.934,0.248
Consideration,0.0392,0.883,0.584,4.39e-06,0.0869,-2.102,0.0465,144.975,0.784
Gold,0.83,0.577,0.459,0.013,0.0963,-10.756,0.0321,172.787,0.85
There Will Be No Crying,0.593,0.662,0.305,0.239,0.103,-8.26,0.0356,60.971,0.447
Go Baby,0.928,0.574,0.176,0.437,0.119,-10.924,0.213,78.929,0.497
My Phone Can Die,0.221,0.63,0.432,9e-05,0.103,-7.071,0.0369,122.119,0.339
Let Her Go,0.385,0.509,0.538,0.0,0.104,-7.335,0.0572,75.089,0.244
Waves,0.183,0.518,0.729,0.0,0.0643,-7.193,0.0452,156.879,0.343
You're Somebody Else,0.847,0.706,0.46,0.00793,0.106,-9.061,0.0296,102.98,0.226
Arcade,0.827,0.453,0.35,0.00122,0.144,-11.639,0.0425,72.017,0.279
Someone To Stay,0.588,0.436,0.473,4.35e-05,0.103,-7.24,0.0307,108.906,0.242
Feel Something,0.694,0.61,0.59,2.32e-06,0.15,-7.325,0.0362,137.838,0.352
Photograph,0.607,0.614,0.379,0.000464,0.0986,-10.48,0.0476,107.989,0.201
Fallin' - Cover,0.172,0.596,0.677,0.002,0.11,-6.687,0.0588,189.121,0.528
Are You With Me,0.687,0.172,0.409,6.8e-05,0.103,-8.668,0.0324,83.914,0.0607
U Got It Bad,0.2,0.742,0.423,0.0,0.183,-11.716,0.0451,123.996,0.823
bellyache,0.46,0.695,0.573,0.0734,0.482,-8.597,0.106,99.939,0.408
Star Shopping,0.0967,0.585,0.471,0.0184,0.115,-9.934,0.0616,93.099,0.323
Use Somebody,0.00431,0.608,0.541,2.84e-05,0.0969,-9.043,0.0314,134.959,0.212
Heather,0.584,0.357,0.425,0.0,0.322,-7.301,0.0333,102.078,0.27
A Thousand Funerals,0.00676,0.631,0.681,0.00378,0.615,-8.334,0.0331,139.143,0.749
Sex on Fire,0.0142,0.587,0.817,0.000132,0.278,-7.762,0.0312,153.016,0.339
Let Me Love You,0.0307,0.533,0.552,0.0,0.0925,-10.387,0.321,91.024,0.691
It's Love (If We Get It Right),0.12,0.673,0.589,0.0234,0.19,-7.262,0.0254,98.003,0.72
Heart Like Yours,0.874,0.465,0.259,0.0,0.102,-9.849,0.0318,93.301,0.337
Under The Bridge,0.00321,0.449,0.47,0.0,0.298,-10.584,0.0284,84.407,0.541
Swing Lynn,0.0506,0.464,0.945,0.756,0.112,-1.815,0.0401,165.177,0.453
Happiest Year,0.885,0.502,0.168,0.0,0.111,-14.061,0.0486,112.881,0.355
Don't Speak,0.0486,0.544,0.522,0.0,0.415,-6.82,0.0281,76.132,0.263
Infinity,0.148,0.671,0.673,5.29e-05,0.304,-6.941,0.0444,121.963,0.494
So Good,4.61e-05,0.537,0.957,5.88e-06,0.33,-2.129,0.0995,134.964,0.62
Losing Interest,0.48,0.753,0.355,0.87,0.122,-13.295,0.0898,111.863,0.506
Pumped Up Kicks,0.0163,0.761,0.519,6.94e-06,0.0842,-10.104,0.0399,128.08,0.942
everything i wanted,0.902,0.704,0.225,0.657,0.106,-14.454,0.0994,120.006,0.243
In The Stars,0.338,0.362,0.54,0.0,0.139,-6.031,0.0528,78.007,0.3
The King,0.00052,0.407,0.982,1.41e-05,0.323,-2.431,0.0841,149.997,0.586
Until I Found You,0.727,0.539,0.508,0.0,0.174,-6.05,0.0288,101.358,0.227
Hold Me While You Wait,0.443,0.688,0.53,0.0,0.0995,-5.507,0.0333,106.958,0.162
Wonderwall,0.304,0.494,0.537,0.0,0.213,-10.992,0.03,173.762,0.452
It's Ok - Acoustic,0.985,0.616,0.0663,0.00408,0.101,-12.73,0.0387,148.041,0.18
So Sick,0.565,0.62,0.592,0.0,0.2,-9.82,0.127,95.003,0.648
Jungle,0.463,0.698,0.642,0.176,0.101,-8.905,0.0288,125.994,0.703
Lost My Mind,0.115,0.372,0.407,0.722,0.126,-13.168,0.0348,169.664,0.138
Love On The Brain - Cover,0.135,0.534,0.696,3.39e-06,0.0663,-4.853,0.0386,171.882,0.465
lovely (with Khalid),0.934,0.351,0.296,0.0,0.095,-10.109,0.0333,115.284,0.12
Control,0.643,0.599,0.465,1.57e-06,0.149,-4.95,0.0314,113.82,0.0678
Love Me Anyway,0.437,0.562,0.391,0.000103,0.124,-9.996,0.0343,108.889,0.126
You And Me,0.0662,0.548,0.362,0.0,0.0957,-8.929,0.0278,136.003,0.313
Maybe You Miss Me,0.976,0.453,0.146,0.0,0.0994,-17.825,0.0756,137.728,0.0424
idontwannabeyouanymore,0.737,0.483,0.412,0.0,0.116,-8.461,0.0402,170.163,0.247
Deja vu,0.0228,0.717,0.727,4.98e-06,0.0624,-5.404,0.038,124.958,0.409
If I Ain't Got You,0.748,0.574,0.404,0.0,0.179,-7.903,0.0328,117.788,0.249
The Wire,0.821,0.382,0.182,0.000399,0.0929,-12.856,0.0306,81.293,0.129
Holy Star,0.403,0.645,0.651,0.00542,0.15,-7.361,0.0474,77.975,0.596
Pictures,0.839,0.654,0.195,0.0,0.0988,-11.712,0.0288,135.775,0.244
Interlude,0.988,0.584,0.0831,0.934,0.111,-21.379,0.0395,100.079,0.591
Take A Bow - Cover,0.362,0.625,0.563,0.0,0.092,-6.214,0.0802,82.001,0.35
That Home,0.991,0.412,0.159,0.772,0.083,-14.214,0.0278,85.462,0.0389
Girl,0.714,0.377,0.334,0.000599,0.115,-11.755,0.0292,110.013,0.22
Linger,0.0178,0.298,0.592,2.03e-06,0.26,-9.051,0.0308,189.94,0.165
Since U Been Gone,0.00228,0.7,0.572,0.00288,0.107,-6.014,0.0339,130.976,0.363
"life, i'm over you",0.834,0.495,0.322,0.0,0.105,-12.277,0.181,78.677,0.17
sick,0.0477,0.737,0.683,4.67e-06,0.0761,-5.935,0.0333,132.024,0.717
To Build A Home,0.885,0.264,0.122,0.349,0.094,-15.399,0.0349,148.658,0.0735
Fast Car,0.594,0.827,0.336,0.0,0.126,-11.86,0.0312,100.002,0.554
when the party's over,0.978,0.367,0.111,3.97e-05,0.0897,-14.084,0.0972,82.642,0.198
Good Love,0.29,0.559,0.624,0.00572,0.131,-6.852,0.171,79.491,0.398
Bitter Sweet Symphony,0.0141,0.514,0.47,0.00101,0.283,-10.325,0.0261,90.014,0.275
How to Disappear Completely,0.958,0.461,0.0768,0.851,0.108,-20.277,0.0341,129.538,0.0789
Wide Open Spaces,0.333,0.613,0.609,0.0,0.0786,-7.366,0.028,90.008,0.782
Please Notice,0.843,0.55,0.271,3.21e-06,0.107,-8.451,0.0297,111.344,0.198
Losing My Religion,0.0991,0.708,0.702,0.0,0.332,-8.561,0.0275,121.94,0.946
Your Soul,0.1,0.229,0.554,0.0,0.135,-6.365,0.0363,140.733,0.0787
Amazed,0.464,0.678,0.455,0.0,0.131,-6.84,0.0276,139.108,0.238
i looked into your eyes,0.853,0.475,0.0989,0.0,0.271,-9.55,0.0474,133.713,0.3
Constellations - Piano Version,0.814,0.407,0.29,0.0,0.247,-8.633,0.0301,135.645,0.116
Creep,0.0144,0.691,0.683,0.0243,0.202,-7.221,0.0238,92.001,0.261
Savior Complex,0.931,0.377,0.44,0.0196,0.105,-11.878,0.0325,128.999,0.224
"Forever and Ever, Amen",0.363,0.626,0.698,0.0,0.277,-6.972,0.0282,90.002,0.65
Youth,0.889,0.396,0.535,0.00678,0.116,-11.09,0.0411,146.416,0.435
1979,0.0687,0.628,0.719,2.34e-05,0.206,-9.858,0.0273,126.994,0.879
Neon Moon,0.293,0.62,0.589,0.0,0.0792,-7.386,0.0386,204.019,0.695
Forget Me Forgotten,0.955,0.256,0.11,0.00734,0.0921,-12.823,0.0395,78.437,0.114
What A Time (feat. Niall Horan),0.662,0.516,0.467,0.0,0.0853,-6.184,0.0302,132.861,0.386
There She Goes,0.000366,0.621,0.541,0.0,0.0692,-9.426,0.0314,119.978,0.608
I Found,0.862,0.567,0.303,0.00563,0.104,-12.481,0.0351,124.949,0.252
Dancing With Your Ghost,0.768,0.629,0.328,2.5e-05,0.103,-8.284,0.029,74.953,0.389
The Middle,0.0667,0.712,0.787,0.0,0.0723,-7.976,0.049,161.968,0.798
It's Ok,0.871,0.561,0.111,0.205,0.103,-15.11,0.0324,148.191,0.0607
It's Ok - Slowed,0.978,0.58,0.183,0.0119,0.111,-13.6,0.0321,131.762,0.196
You Make It Easy,0.176,0.612,0.371,0.0,0.214,-8.892,0.0292,65.04,0.454
We Belong Together,0.512,0.807,0.454,0.0,0.121,-9.579,0.0352,139.995,0.816
Don't Let It Get You Down,0.0926,0.69,0.657,0.000209,0.12,-4.397,0.0372,140.005,0.501
perfume,0.833,0.677,0.455,0.00602,0.105,-7.086,0.0322,129.975,0.704
Need You Now,0.434,0.723,0.369,8.64e-06,0.097,-10.249,0.0306,106.892,0.25
Home - Slowed,0.98,0.703,0.223,0.00096,0.0996,-12.317,0.0306,108.869,0.307
Lovefool,0.0437,0.7,0.583,0.0,0.3,-9.338,0.0302,111.964,0.736
Broken,0.451,0.434,0.637,0.0,0.112,-6.85,0.0613,141.869,0.1
Should've Been A Cowboy,0.391,0.62,0.621,0.0,0.387,-7.317,0.0266,133.058,0.813
I Found - Acoustic,0.957,0.386,0.0887,0.0,0.126,-11.166,0.0512,171.234,0.274
Kiss Me,0.00458,0.619,0.501,3.27e-06,0.113,-9.15,0.0229,100.007,0.207
I'm Not Angry Anymore,0.989,0.642,0.191,4.11e-06,0.0984,-15.227,0.0411,90.595,0.552
Tennessee Whiskey,0.187,0.599,0.448,7.52e-06,0.202,-8.658,0.0261,150.798,0.46
lightning,0.849,0.602,0.528,4.1e-06,0.128,-7.709,0.0304,149.951,0.322
Train Wreck,0.701,0.311,0.485,0.0,0.0726,-5.726,0.0365,77.355,0.225
Island In The Sun,0.000566,0.605,0.601,3.9e-06,0.123,-9.879,0.0315,115.073,0.546
hideous,0.529,0.637,0.53,0.0144,0.109,-7.53,0.0301,87.034,0.363
Remember That Night?,0.585,0.679,0.61,9.51e-05,0.156,-10.936,0.0305,123.978,0.554
"10,000 Hours",0.443,0.538,0.575,0.0,0.0853,-6.702,0.0571,179.837,0.721
Semi-Charmed Life,0.0384,0.769,0.655,0.0,0.135,-8.359,0.0261,102.038,0.688
If By Chance,0.881,0.405,0.279,0.0,0.0933,-8.099,0.0334,119.85,0.256
No Scrubs,0.269,0.715,0.692,0.0,0.118,-9.277,0.0334,93.007,0.538
Ventitre,0.911,0.625,0.269,1.85e-06,0.0987,-17.067,0.127,141.248,0.527
The End of the World,0.976,0.44,0.0593,0.0,0.0817,-15.064,0.0404,128.479,0.353
No Rain,0.697,0.512,0.4,0.0,0.35,-8.818,0.0361,73.591,0.336
Moral of the Story,0.593,0.569,0.403,4.49e-06,0.102,-8.618,0.0439,119.819,0.269
Already Gone,0.954,0.418,0.248,4.21e-06,0.108,-9.997,0.0451,130.953,0.298
White Blood,0.845,0.477,0.229,0.000446,0.196,-14.402,0.0555,131.28,0.0819
Drive,0.101,0.757,0.516,0.0,0.12,-9.655,0.0361,91.047,0.71
War Of Hearts - Acoustic Version,0.962,0.419,0.126,1.12e-06,0.0764,-11.769,0.0358,139.065,0.368
Last Chance (Alternate Version),0.872,0.11,0.251,0.055,0.103,-12.446,0.0346,67.973,0.0511
Brother,0.349,0.519,0.625,0.0,0.121,-5.909,0.0482,120.103,0.21
Till Forever Falls Apart,0.421,0.346,0.501,0.0,0.0657,-6.939,0.0364,99.855,0.299
Falling,0.839,0.567,0.267,1.46e-06,0.089,-6.502,0.0299,110.011,0.0592
You're Somebody Else - Acoustic,0.932,0.379,0.247,3.6e-06,0.107,-9.959,0.0399,205.561,0.37
It'll Be Okay,0.616,0.398,0.286,0.000146,0.0912,-11.881,0.033,78.262,0.0666
I Wish I Was the Moon,0.879,0.396,0.315,0.0603,0.0953,-11.801,0.0346,99.432,0.081
Where is My Love,0.948,0.134,0.104,0.128,0.122,-19.043,0.0347,175.631,0.128
Habits,0.854,0.663,0.287,6.85e-06,0.346,-9.469,0.0344,82.457,0.438
Closure,0.967,0.692,0.107,0.0,0.302,-16.182,0.0463,123.999,0.377
you were good to me,0.913,0.561,0.0848,2.62e-05,0.112,-15.099,0.0404,102.128,0.206
that way,0.728,0.453,0.383,0.0,0.387,-11.015,0.163,105.029,0.333
Happier Than Ever,0.767,0.332,0.225,0.00349,0.128,-8.697,0.0348,81.055,0.297
Riptide,0.431,0.484,0.731,0.0,0.151,-6.694,0.0379,101.654,0.51
Stressed Out,0.0462,0.734,0.637,2.29e-05,0.0602,-5.677,0.141,169.977,0.648
School Rooftop (Intro) [Slowed Down Version],0.992,0.138,0.00312,0.939,0.101,-38.986,0.0385,141.904,0.0498
I Wanna Be Yours,0.136,0.464,0.417,0.022,0.0974,-9.345,0.0256,67.528,0.479
Say Yes To Heaven - Sped Up,0.856,0.499,0.448,0.0544,0.126,-9.961,0.0287,133.891,0.183
Daddy Issues (Remix) feat. Syd,0.245,0.623,0.533,0.00717,0.112,-8.164,0.0653,84.982,0.247
Washing Machine Heart,0.0092,0.613,0.822,0.506,0.429,-4.087,0.026,105.997,0.567
Mama's Boy,0.15,0.807,0.354,0.713,0.186,-7.554,0.0321,78.964,0.602
Babydoll,0.114,0.762,0.604,0.0,0.0271,-5.296,0.11,168.007,0.847
drowning (slowed + reverb),0.00531,0.535,0.588,0.83,0.113,-8.762,0.0476,162.09,0.142
Daddy Issues,0.0678,0.588,0.521,0.149,0.123,-9.461,0.0329,85.012,0.337
From The Start,0.877,0.664,0.405,0.000765,0.11,-7.413,0.08,81.89,0.743
Numbers,0.474,0.423,0.332,0.0,0.0993,-10.761,0.0288,93.958,0.5
Do I Wanna Know?,0.186,0.548,0.532,0.000263,0.217,-7.596,0.0323,85.03,0.405
golden hour,0.651,0.511,0.594,0.177,0.249,-4.799,0.0316,94.473,0.143
People You Know,0.0881,0.695,0.62,5.43e-05,0.111,-8.082,0.0521,150.032,0.62
Never Felt So Alone,0.499,0.436,0.409,0.000166,0.38,-4.438,0.0533,98.357,0.363
The Lost Soul Down X Lost Soul - Sped Up,0.204,0.825,0.477,0.889,0.114,-14.501,0.0365,108.476,0.574
Step On Me,0.00644,0.331,0.471,0.0,0.0653,-5.631,0.0299,90.057,0.142
i wanna be your girlfriend,0.0215,0.541,0.382,0.000836,0.304,-14.323,0.035,155.901,0.343
Daylight,0.83,0.508,0.43,0.000441,0.093,-9.475,0.0335,130.09,0.324
Gilded Lily - Sped Up,0.484,0.382,0.586,7.7e-06,0.167,-6.402,0.031,68.156,0.119
Reflections,0.114,0.648,0.594,0.0462,0.116,-7.027,0.0293,113.983,0.544
Friends,0.0117,0.328,0.608,6.45e-06,0.108,-6.368,0.038,107.384,0.0796
You Get Me So High,0.186,0.551,0.881,0.0791,0.152,-6.099,0.0542,88.036,0.387
Stars Will Fall,0.94,0.432,0.13,0.965,0.106,-13.076,0.0282,96.41,0.0741
Treehouse,0.706,0.612,0.196,0.319,0.111,-19.489,0.0359,73.489,0.142
WASTE - Sped Up Version,0.836,0.592,0.227,0.00535,0.116,-10.329,0.031,79.365,0.178
Black Out Days - Sped Up,0.0133,0.585,0.85,0.208,0.0729,-4.113,0.035,115.27,0.517
Shootout (Sped Up),0.216,0.684,0.605,0.941,0.103,-8.678,0.0634,104.647,0.768
Softcore,0.0484,0.575,0.568,0.000417,0.286,-5.509,0.03,93.986,0.37
Unfair,0.00708,0.477,0.572,0.784,0.144,-7.328,0.0319,194.033,0.0414
Girl of My Dreams,0.789,0.573,0.343,0.402,0.0873,-16.142,0.0389,138.829,0.0451
Answering Machine,0.829,0.582,0.27,0.864,0.936,-16.129,0.0336,119.923,0.0398
The Beach (Instrumental),0.834,0.672,0.215,0.921,0.0915,-17.352,0.0353,136.001,0.137
drowning,0.0201,0.553,0.613,0.854,0.111,-7.956,0.0694,180.02,0.0506
Michelle,0.0781,0.366,0.439,1.92e-05,0.108,-5.238,0.0298,115.94,0.11
Heart To Heart,0.667,0.901,0.136,0.354,0.109,-16.127,0.102,150.076,0.643
Dark Red,0.446,0.603,0.784,8.32e-06,0.119,-4.023,0.062,172.041,0.769
ocean eyes,0.816,0.511,0.363,0.0317,0.084,-7.65,0.041,144.892,0.169
hotline (edit),0.816,0.516,0.254,0.855,0.189,-16.027,0.0589,56.829,0.304
watch,0.333,0.441,0.599,0.00198,0.103,-8.985,0.225,165.212,0.35
hostage,0.868,0.427,0.123,3.12e-05,0.0732,-15.228,0.0497,129.565,0.0394
Cigarettes out the Window,0.12,0.625,0.659,0.0,0.17,-5.669,0.0337,113.551,0.594
Moonlight on the River,0.252,0.662,0.478,0.833,0.216,-8.631,0.0451,139.98,0.43
Money,0.216,0.603,0.918,0.146,0.284,-6.652,0.0641,102.473,0.452
Shut up My Moms Calling - (Sped Up),0.312,0.653,0.474,6.65e-06,0.119,-10.899,0.103,85.024,0.361
Sad Girl,0.539,0.345,0.587,0.0731,0.119,-8.346,0.0364,119.479,0.258
snowfall,0.929,0.466,0.0918,0.803,0.439,-26.813,0.0269,95.014,0.0841
Little Dark Age,0.0102,0.705,0.712,0.000855,0.1,-6.156,0.0385,97.512,0.62
The Other Side Of Paradise,0.349,0.689,0.338,5.7e-05,0.0649,-7.634,0.0629,128.012,0.568
Cupid's Chokehold / Breakfast in America,0.237,0.72,0.744,0.0,0.255,-6.938,0.12,78.953,0.619
Breezeblocks,0.108,0.615,0.641,0.000793,0.169,-7.339,0.0337,150.059,0.287
Midnight City,0.0161,0.526,0.712,0.0,0.179,-6.525,0.0356,105.009,0.32
Running Away,0.66,0.58,0.696,0.852,0.145,-10.91,0.0408,93.688,0.721
Starboy,0.141,0.679,0.587,6.35e-06,0.137,-7.015,0.276,186.003,0.486
Radio,0.215,0.42,0.837,2.96e-05,0.0876,-5.24,0.061,75.043,0.196
505,0.00287,0.526,0.866,7.78e-05,0.0945,-5.822,0.0568,140.266,0.248
overwhelmed,0.308,0.804,0.323,0.0,0.15,-11.127,0.305,87.019,0.456
my boy,0.472,0.692,0.394,0.000191,0.117,-8.745,0.207,89.936,0.324
Things to Do,0.85,0.701,0.524,0.0257,0.16,-7.14,0.0389,110.097,0.649
EVERYTHING,0.651,0.54,0.373,0.927,0.146,-8.591,0.0278,119.843,0.387
Teenage Dream,0.411,0.622,0.375,0.0,0.0812,-9.069,0.0279,111.968,0.221
Blue Hair,0.554,0.751,0.72,0.0497,0.258,-6.376,0.0303,135.73,0.884
For the First Time,0.296,0.551,0.529,0.0093,0.178,-10.469,0.0517,75.515,0.521
16 Mirrors,0.638,0.564,0.3,0.0022,0.101,-7.349,0.0887,121.888,0.0487
Lovers Rock,7.53e-06,0.559,0.871,0.00545,0.096,-5.338,0.0397,104.97,0.572
Romantic Lover,0.701,0.658,0.447,0.924,0.198,-9.299,0.0869,184.316,0.538
Not Allowed,0.669,0.67,0.905,0.000227,0.349,-6.855,0.129,104.965,0.563
Where'd All the Time Go?,0.132,0.454,0.82,0.000969,0.115,-4.193,0.0567,166.303,0.575
Telephones,0.00283,0.526,0.447,0.0301,0.109,-9.268,0.0274,74.995,0.183
Until I Found You (with Em Beihold) - Em Beihold Version,0.777,0.551,0.55,0.0,0.202,-5.339,0.0286,101.19,0.342
Swing Lynn (Slowed Version),0.0894,0.614,0.858,0.716,0.16,-2.678,0.0305,116.781,0.2
milk cassette x.mp3 (demo) (slowed + reverb),0.979,0.194,0.121,0.931,0.0902,-31.274,0.0504,70.103,0.0886
stellar,0.886,0.485,0.149,0.917,0.102,-20.394,0.0282,82.019,0.112
watching the stars,0.943,0.448,0.105,0.929,0.085,-26.191,0.0306,82.088,0.0483
Memoir #02 [06.12.09],0.958,0.204,0.0228,0.945,0.114,-16.438,0.0446,70.874,0.0676
green to blue,0.979,0.33,0.0275,0.928,0.0868,-30.651,0.0434,138.099,0.0641
this feeling,0.916,0.172,0.0173,0.766,0.115,-33.655,0.0358,180.141,0.0644
"if it's real, then i'll stay (slowed + reverb)",0.98,0.322,0.0347,0.786,0.103,-33.43,0.0353,79.322,0.0891
Comfort Chain,0.98,0.83,0.251,0.893,0.195,-19.774,0.0779,109.999,0.164
distorted memories,0.929,0.382,0.222,0.901,0.0863,-24.021,0.0325,75.048,0.212
you not the same,0.972,0.102,0.0272,0.856,0.0755,-31.537,0.0444,66.714,0.116
insomnia,0.92,0.313,0.00253,0.798,0.0986,-32.61,0.0353,140.041,0.0391
milk cassette x.mp3 - demo,0.944,0.131,0.0954,0.962,0.355,-30.192,0.0466,71.072,0.0774
School Rooftop (Bird Sounds),0.96,0.326,0.0959,0.00431,0.379,-32.196,0.0585,110.149,0.06
Vanished,0.00184,0.707,0.87,6.65e-05,0.292,-6.66,0.0298,119.979,0.669
Clocks,0.599,0.577,0.749,0.0115,0.183,-7.215,0.0279,130.97,0.255
i wait for u,0.787,0.63,0.263,0.0682,0.161,-16.458,0.0414,122.94,0.616
Trash Magic,0.862,0.78,0.103,0.0039,0.115,-19.302,0.0502,112.314,0.249
Mr. Loverman - sped up,0.136,0.546,0.695,3.28e-05,0.385,-4.82,0.027,161.221,0.685
Put Me In A Movie,0.213,0.59,0.43,1.25e-05,0.129,-7.501,0.0251,83.003,0.363
Just Look My Way (Stolas' lament),0.908,0.522,0.263,0.00155,0.104,-14.761,0.0335,123.979,0.357
Oh Ana,0.674,0.511,0.525,1.68e-05,0.112,-7.152,0.0427,128.095,0.339
Drift Away Omnichord,0.769,0.187,0.196,0.0701,0.109,-13.332,0.0339,138.334,0.173
Poison Tree,0.961,0.224,0.139,0.913,0.108,-22.587,0.0354,111.316,0.213
Let The Light In (feat. Father John Misty),0.344,0.327,0.452,0.00332,0.11,-9.726,0.0277,132.427,0.202
West Coast,0.194,0.527,0.591,0.0194,0.0907,-7.664,0.0396,123.167,0.461
Born To Die,0.222,0.428,0.626,8.22e-05,0.277,-6.639,0.0339,86.02,0.379
Diet Mountain Dew,0.276,0.595,0.696,0.0,0.411,-5.921,0.0417,88.013,0.533
Margaret (feat. Bleachers),0.972,0.452,0.247,0.132,0.0577,-13.24,0.033,102.412,0.216
corpse,3.2e-06,0.201,0.634,0.959,0.41,-8.942,0.0625,165.551,0.263
Fahrradsattel,0.264,0.676,0.937,0.742,0.698,-7.756,0.0754,120.161,0.655
I'm God,0.0711,0.529,0.641,0.76,0.102,-6.78,0.0336,141.927,0.089
Suffocation,0.00251,0.543,0.705,0.0341,0.21,-5.779,0.0296,119.942,0.163
Zombie,0.463,0.608,0.41,0.0,0.103,-8.768,0.0242,142.956,0.394
mishka - instrumental,0.0141,0.385,0.814,0.716,0.153,-4.617,0.416,121.067,0.711
Solitude Velocity,0.144,0.557,0.767,0.718,0.383,-12.079,0.391,137.08,0.361
Bang Bang Bang Bang - Remastered 2021,0.207,0.719,0.566,3.71e-06,0.105,-5.951,0.0354,93.984,0.408
I'll die next summer (no joke),0.407,0.688,0.912,0.469,0.334,-7.292,0.0766,127.018,0.335
PRIVET PRIVET 2009 ST (boing boing boing),0.439,0.891,0.947,0.961,0.118,-9.785,0.252,123.662,0.921
Supermassive Black Hole,0.0492,0.668,0.921,0.00517,0.0877,-3.727,0.0439,120.0,0.782
Monster,0.0431,0.64,0.957,0.0,0.0789,-2.336,0.0741,134.992,0.692
BIRTH OF VENUS,1.27e-05,0.433,0.997,0.00746,0.433,-3.479,0.181,130.06,0.0695
Society,0.0878,0.463,0.881,0.553,0.223,-3.596,0.036,120.023,0.0766
Ayesha X Righteous,0.00419,0.579,0.596,0.726,0.188,-11.551,0.117,93.499,0.0723
traitor,0.691,0.38,0.339,0.0,0.12,-7.885,0.0338,100.607,0.0849
Twin Size Mattress,0.00548,0.325,0.867,4.33e-06,0.103,-5.53,0.0809,144.866,0.336
